{"cameraMode":{"drawMode":0,"name":"Shaded","section":"Shading Mode"},"sceneLighting":true,"audioPlay":false,"sceneViewState":{"m_AlwaysRefresh":false,"showFog":true,"showSkybox":true,"showFlares":true,"showImageEffects":true,"showParticleSystems":true,"showVisualEffectGraphs":true,"m_FxEnabled":true},"in2DMode":false,"pivot":{"x":-1.8383969068527222,"y":-4.563928604125977,"z":9.008950233459473},"rotation":{"x":-0.3830845057964325,"y":-0.027152840048074724,"z":0.011267101392149926,"w":-0.9232537150382996},"size":19.697731018066408,"orthographic":false}